rid,disease_cui,symptom_cui
1,C0001175,C1720342
898,C0001175,C1720231
1167,C0001175,C1719857
2,C0001314,C0232597
308,C0001314,C0585542
1168,C0001314,C0155002
3,C0001344,C0242429
4,C0001344,C0423630
1169,C0001396,C0039070
2051,C0002418,C1571956
5,C0002453,C0497456
309,C0002963,C0002962
592,C0002963,C0030193
6,C0003123,C0426579
1758,C0003460,C0028962
1455,C0004095,C0422943
1456,C0004095,C0042818
1759,C0004095,C0234660
593,C0004509,C0232983
1457,C0004509,C0232982
1458,C0004606,C1319539
1459,C0004608,C1319589
1760,C0004608,C1319587
2052,C0004608,C1319588
7,C0004782,C0221169
8,C0005461,C0547030
1761,C0005937,C0577572
594,C0006111,C0341865
310,C0006145,C0425791
899,C0006145,C0233390
311,C0006261,C0264345
1170,C0006430,C0017672
2053,C0006430,C0241426
2054,C0006430,C0012766
9,C0007222,C0700200
1460,C0007222,C0039070
900,C0007462,C0030193
595,C0007682,C0521668
1171,C0007682,C0018991
1461,C0007682,C1321324
901,C0007760,C0007758
312,C0007761,C0027066
1462,C0007761,C1961111
1762,C0007761,C0007758
1172,C0007862,C0030193
2055,C0007863,C0578055
10,C0007932,C0007942
11,C0008489,C0427086
1173,C0008489,C0454605
902,C0008679,C0232598
12,C0008711,C0264272
1763,C0008711,C1563338
313,C0009088,C0030193
596,C0009088,C0018681
1174,C0009088,C0027796
1175,C0009373,C0009806
2056,C0009421,C0362036
1176,C0009443,C0426471
13,C0009663,C0343731
14,C0009663,C0240715
2057,C0009663,C0577567
597,C0009952,C0036572
1177,C0010034,C0339249
903,C0010073,C0348588
314,C0010264,C0026821
1463,C0010264,C1536352
315,C0010269,C0027796
316,C0010269,C0030193
15,C0010314,C0234861
1178,C0010488,C0030193
16,C0011168,C0392678
1179,C0011168,C0221150
1464,C0011168,C0426601
1465,C0011168,C1542154
17,C0011346,C1290644
317,C0011346,C1290643
1466,C0011432,C0241457
1764,C0011432,C0241462
2058,C0011603,C0152030
598,C0011606,C0041834
18,C0011757,C0478662
318,C0011849,C1319540
904,C0011849,C1319537
905,C0011849,C1319539
1180,C0011849,C1319542
1467,C0011849,C1319541
1765,C0011849,C1319544
2059,C0011849,C1319538
2060,C0011849,C1319543
19,C0011884,C1319537
2061,C0011884,C1319538
20,C0012569,C0547030
1181,C0012569,C0271190
1766,C0012569,C0271186
319,C0012634,C0042963
1468,C0012634,C0037088
320,C0013080,C0234862
2062,C0013238,C0314719
1182,C0013369,C0011991
21,C0013384,C0234979
1469,C0013384,C0235778
1470,C0013384,C0234131
1471,C0013384,C0520966
1767,C0013384,C0234357
321,C0013394,C0423610
2063,C0013394,C0423746
599,C0013405,C1956415
1183,C0013405,C0013404
322,C0013423,C0393610
906,C0013447,C0034880
907,C0013447,C0271412
1472,C0013447,C0155536
1768,C0013447,C0439029
908,C0013537,C0036572
1473,C0013677,C0038187
323,C0014122,C0240608
22,C0014130,C0578054
600,C0014130,C0577571
601,C0014175,C0030193
324,C0014177,C0030193
23,C0014518,C0041834
602,C0014544,C0036572
1769,C0014544,C0234542
1770,C0014544,C0751495
325,C0014547,C0751495
1184,C0014547,C0036572
326,C0014548,C0036572
327,C0014549,C0036572
24,C0014550,C0027066
2064,C0014550,C0036572
1185,C0014553,C0036572
2065,C0014553,C0490011
1474,C0014556,C0036572
2066,C0014718,C0041834
2067,C0014740,C0041834
328,C0014742,C0041834
25,C0014747,C0041834
603,C0014804,C0041834
1475,C0014804,C0030193
604,C0014805,C0030193
2068,C0014805,C0041834
2069,C0014866,C0232536
26,C0015230,C0221201
27,C0015230,C0848332
1186,C0015230,C0406146
1771,C0015230,C0041834
2070,C0015230,C0221232
1772,C0015300,C0339142
605,C0015371,C0221169
1187,C0015371,C0004158
28,C0015397,C1282194
606,C0015397,C0339693
2071,C0015397,C0423006
1476,C0015423,C0005747
329,C0015544,C0558450
607,C0015544,C0476240
1188,C0015544,C0231246
330,C0015634,C0391860
1773,C0015674,C0695252
29,C0015732,C0344374
30,C0015732,C2921132
608,C0015732,C0474500
1189,C0015732,C0473136
1190,C0015732,C0333255
1774,C0015732,C0473137
2072,C0015732,C0401155
2073,C0015732,C0429955
609,C0015930,C0565619
1477,C0015930,C0565618
2074,C0016053,C0030193
31,C0016399,C0036572
610,C0016399,C0490011
1775,C0016399,C0751495
1191,C0016428,C0577566
1192,C0016696,C0042755
909,C0016807,C0009806
910,C0016807,C0232719
1193,C0016807,C0426649
2075,C0016807,C0345246
1776,C0017332,C0036572
1194,C0017411,C0521635
1195,C0017411,C0577570
611,C0017412,C0156317
612,C0017412,C0236078
911,C0017412,C0521628
1777,C0017412,C0039591
1778,C0017412,C0406671
2076,C0017412,C0521629
2077,C0017412,C0560253
2078,C0017412,C0578086
2079,C0018196,C0577562
912,C0018776,C1719454
613,C0018975,C0155001
1196,C0018989,C0375218
32,C0019125,C0271412
33,C0020451,C0042963
1478,C0020451,C0020450
331,C0020454,C0020453
1197,C0020454,C0012766
1479,C0020524,C0221540
332,C0020538,C0221154
614,C0020555,C0576433
913,C0020555,C0576430
2080,C0020555,C0576431
1779,C0020758,C0456122
1780,C0021290,C0270261
2081,C0021603,C0917801
333,C0021807,C0041834
34,C0021831,C0426576
2082,C0021831,C0577566
914,C0022353,C1565887
915,C0022354,C0476232
2083,C0022362,C0521588
334,C0022408,C0409557
916,C0022541,C0029089
2084,C0022782,C0521629
1781,C0022890,C0339780
2085,C0022904,C0155227
1198,C0023009,C0003564
1199,C0023066,C0038450
1782,C0023066,C0037763
917,C0023533,C1534486
1480,C0023533,C0473312
1481,C0023760,C0267028
2086,C0023760,C0424489
1200,C0023895,C0019209
1482,C0023895,C1262535
918,C0024207,C0240273
2087,C0024207,C0578081
2088,C0024248,C0577564
335,C0024530,C1279511
919,C0024530,C0277799
615,C0025209,C0263571
336,C0025218,C0263571
1201,C0025281,C0456800
1783,C0025303,C0406146
35,C0025517,C0020639
1202,C0025517,C0032617
337,C0026603,C0027497
1483,C0026618,C0399411
338,C0026636,C1290771
2089,C0026636,C0521591
2090,C0026636,C0521592
920,C0026650,C0027066
921,C0026650,C0239779
1203,C0026650,C0393903
339,C0026848,C0581358
2091,C0026848,C3266173
922,C0026893,C0458242
1784,C0026893,C0575064
2092,C0026893,C0231528
1204,C0027145,C0333252
616,C0027339,C0263538
1205,C0027339,C0038605
1484,C0027339,C0263540
923,C0027404,C0917799
617,C0027436,C0030193
36,C0027438,C0030214
2093,C0027765,C0701795
2094,C0028432,C1260880
1206,C0028709,C0159043
37,C0028738,C1321325
340,C0028738,C0521766
924,C0028738,C0344242
925,C0028738,C0521765
926,C0028738,C0344240
1207,C0028738,C0339667
1208,C0028738,C0521763
1209,C0028738,C0521764
1485,C0028738,C0585566
2095,C0028738,C0344244
1210,C0028850,C0271397
2096,C0028850,C0029089
38,C0028992,C1301340
1486,C0029411,C0149651
39,C0029498,C0030218
341,C0029498,C0236065
927,C0029498,C1290771
1211,C0029498,C0399459
1212,C0029498,C0426487
1213,C0029498,C0451633
1214,C0029498,C0578051
1487,C0029498,C0221776
1488,C0029498,C0472514
1489,C0029498,C0578082
2097,C0029498,C0577565
2098,C0029498,C1579838
1785,C0029546,C0019214
40,C0029581,C0264272
41,C0029581,C0578046
342,C0029581,C0264274
928,C0029581,C0027424
929,C0029581,C0578047
1215,C0029581,C1260880
1490,C0029581,C0152029
1786,C0029581,C0032781
2099,C0029581,C0451632
618,C0029594,C0020639
42,C0029620,C0521766
43,C0029620,C1321324
343,C0029620,C0344239
344,C0029620,C0521763
345,C0029620,C0521764
930,C0029620,C0344246
931,C0029620,C0349683
932,C0029620,C0521762
933,C0029620,C0521765
934,C0029620,C1321325
1491,C0029620,C0339667
1787,C0029620,C0349681
2100,C0029620,C0349684
44,C0029741,C0026825
45,C0029741,C0259813
619,C0029741,C3266172
346,C0029770,C0241457
347,C0029770,C0241462
1492,C0029771,C0278021
1788,C0029771,C0522071
46,C0029776,C0426390
620,C0029776,C0423735
2101,C0029776,C0005687
1216,C0029781,C0458090
47,C0029782,C0278107
48,C0029782,C0577569
621,C0029782,C0232978
622,C0029782,C0423715
935,C0029782,C1288081
1217,C0029782,C0234038
1218,C0029782,C0241656
2102,C0029782,C0232979
2103,C0029782,C0235808
1789,C0029785,C0521632
49,C0029788,C0424489
50,C0029788,C1279511
348,C0029788,C0277943
623,C0029788,C0221201
936,C0029788,C0221232
937,C0029788,C0574922
1219,C0029788,C0277962
2104,C0029788,C0406400
2105,C0029788,C0558143
1790,C0029790,C0266952
51,C0029794,C0263355
52,C0029794,C0406402
1220,C0029794,C0041834
1221,C0029794,C0456495
1493,C0029794,C0574921
1791,C0029794,C1446312
1494,C0029805,C0277938
2106,C0029805,C0406548
2107,C0029816,C0343239
1792,C0029819,C0566948
53,C0029821,C0239739
1793,C0029821,C0277986
2108,C0029827,C0005409
1495,C0029839,C0406411
938,C0029856,C0231532
939,C0030286,C0522070
2109,C0030331,C0041834
1496,C0030353,C0577560
1222,C0030436,C0041834
1794,C0030463,C0027066
1795,C0030469,C0152029
940,C0030486,C0452143
1223,C0030486,C0278119
54,C0030508,C0393775
55,C0030508,C0424284
1796,C0030508,C0424275
56,C0030567,C0586392
57,C0030846,C0149751
1224,C0030846,C0156308
1225,C0030846,C0268988
1497,C0030846,C0497481
58,C0031029,C0577565
59,C0031117,C0344306
60,C0031117,C0423709
1226,C0031117,C0027796
624,C0031121,C0231623
625,C0031121,C0344306
626,C0031121,C0423714
941,C0031121,C0423713
942,C0031121,C0027796
1227,C0031121,C0423709
1228,C0031121,C0423710
1498,C0031121,C0036396
1499,C0031121,C0423707
1500,C0031121,C0423715
1797,C0031121,C0423708
1798,C0031121,C0030193
1501,C0031142,C0401020
1229,C0031256,C0456073
2110,C0031350,C0242429
349,C0031736,C0406216
61,C0031762,C0406219
1502,C0032238,C0030193
1503,C0032266,C0577566
627,C0032533,C0521516
1230,C0032533,C0030193
350,C0032768,C0027796
1504,C0032768,C0030193
628,C0032772,C0027796
1505,C0032772,C0030193
1231,C0032962,C0686344
1506,C0032962,C0033776
351,C0033036,C0232209
1799,C0033103,C0745966
62,C0033117,C1535347
2111,C0033117,C0233973
1507,C0033139,C0917801
629,C0033575,C0242453
1232,C0033575,C0392071
1800,C0033575,C0240812
943,C0033771,C0033774
1508,C0033772,C0033774
352,C0033893,C0018681
2112,C0033893,C0231613
353,C0034150,C0340979
63,C0034372,C0751460
944,C0034544,C0027796
2113,C0034931,C0030193
354,C0034951,C0003078
1801,C0034951,C0271186
1802,C0035204,C0231796
1803,C0035204,C1384488
630,C0035309,C1319587
1509,C0035309,C0278230
945,C0035455,C0264272
1804,C0035455,C1997818
64,C0036093,C0266996
2114,C0036323,C0005409
631,C0036412,C0235980
632,C0036413,C0241165
65,C0036454,C0438434
633,C0036454,C0438432
1233,C0036454,C1268591
2115,C0036454,C0235068
355,C0037120,C0333240
66,C0037274,C0340979
634,C0037274,C0152030
1234,C0037274,C0241165
1805,C0037274,C0033774
1510,C0037278,C0240608
635,C0037280,C1279511
67,C0037284,C0263538
1235,C0037284,C0848332
1806,C0037284,C0007943
636,C0037315,C0020530
1807,C0037672,C0424284
1511,C0037769,C0036572
68,C0037887,C0030193
946,C0037928,C0270777
2116,C0037933,C0410577
1512,C0038034,C0007940
947,C0038220,C0036572
1513,C0038325,C0041834
637,C0038354,C0221151
1236,C0038354,C0581358
1237,C0038379,C1578670
356,C0038868,C0029089
1238,C0038870,C0030193
1239,C0039584,C1288081
69,C0039621,C0231785
70,C0039978,C0344306
638,C0040128,C0542134
639,C0040128,C0578750
1240,C0040381,C0030193
71,C0040409,C0017672
640,C0040409,C0241426
1514,C0040409,C2939427
1808,C0040409,C0520559
2117,C0040409,C0241439
948,C0040435,C0266952
1515,C0040997,C0030193
1516,C0041105,C0234131
641,C0041227,C0007942
2118,C0041309,C0007943
72,C0041785,C0406569
1241,C0041912,C0264272
73,C0042024,C0150044
949,C0042024,C0232847
1517,C0042024,C0559753
2119,C0042024,C0150045
2120,C0042024,C0401155
1242,C0042025,C0869256
357,C0042033,C0232955
642,C0042075,C0032617
2121,C0042075,C0426317
74,C0042109,C0406407
75,C0042109,C0221232
643,C0042109,C0406399
950,C0042109,C0406400
951,C0042109,C0406404
952,C0042109,C0406406
953,C0042109,C0406411
1518,C0042109,C0406403
1519,C0042109,C0406405
1520,C0042109,C1304408
1809,C0042109,C0406408
76,C0042251,C0042256
1810,C0042251,C0018933
1521,C0042268,C0581909
644,C0042331,C0018681
645,C0042345,C0585977
1811,C0042345,C0341961
2122,C0042345,C0585958
1812,C0042373,C0456122
1522,C0042376,C0521668
1813,C0042376,C0018681
954,C0042420,C0039070
358,C0042454,C2712367
955,C0042656,C0030193
1523,C0042769,C0393766
1243,C0042795,C0155001
956,C0042798,C0547030
1244,C0042798,C0234706
1524,C0042798,C0234705
77,C0042994,C0033778
1245,C0042994,C0520586
2123,C0042996,C0566909
957,C0043037,C0343731
359,C0043046,C0006625
646,C0043345,C0151908
1246,C0043352,C0399590
1525,C0079035,C0410919
1247,C0080040,C0585627
1248,C0085096,C0232373
1814,C0085096,C1996961
958,C0085109,C0474344
2124,C0085179,C0030193
959,C0085273,C0041834
647,C0085417,C0751495
1815,C0085417,C0036572
2125,C0085541,C0036572
1249,C0085543,C0751495
1526,C0085543,C0036572
960,C0085580,C0221154
360,C0085622,C0159034
361,C0085622,C0270795
1250,C0085623,C0840927
1816,C0085623,C0234131
1527,C0085642,C0030232
1251,C0085648,C0577572
78,C0085659,C0041834
2126,C0085920,C0030193
79,C0086588,C0013911
648,C0086666,C0002962
1528,C0086666,C0030193
649,C0087012,C0004134
1252,C0149778,C0264272
1529,C0149797,C1301340
80,C0149875,C0030193
81,C0149875,C1283829
1253,C0149931,C0018681
362,C0149940,C0036396
650,C0149942,C0029089
363,C0150055,C0232491
364,C0150055,C0478148
651,C0150055,C0404484
652,C0150055,C0476481
961,C0150055,C0686729
1530,C0150055,C1960183
1817,C0150055,C0231385
82,C0151436,C1304408
1818,C0151514,C0406548
653,C0151532,C0585540
1254,C0151532,C0030214
1531,C0151594,C0011991
83,C0151740,C0159036
1532,C0151744,C0002962
365,C0151824,C0232488
654,C0151824,C0000737
1255,C0151824,C0578052
366,C0151864,C0405064
1819,C0152027,C0159036
655,C0152091,C0560609
962,C0152091,C0151825
1820,C0152091,C0581323
1256,C0152097,C0232082
1821,C0152097,C0232083
2127,C0152097,C0521532
84,C0152110,C0423707
963,C0152110,C0030193
656,C0152134,C0029089
2128,C0152135,C0029089
1257,C0152163,C0037763
367,C0152164,C0152165
1533,C0152167,C0426649
1822,C0152172,C0002962
2129,C0152172,C0030193
1823,C0152197,C0339693
368,C0152216,C0423075
2130,C0152216,C1578670
1824,C0152226,C0155204
1825,C0152227,C3257803
1826,C0152227,C1536289
85,C0152230,C0406407
1258,C0152230,C0406406
86,C0152251,C0041834
369,C0152251,C0302310
87,C0152437,C0577570
1534,C0152457,C0339257
370,C0152522,C0011991
1259,C0153024,C0030193
88,C0153136,C0240920
1260,C0154232,C0423178
657,C0154678,C0004158
964,C0154678,C0393588
89,C0154685,C0270777
1261,C0154702,C0375224
1827,C0154703,C0751409
658,C0154706,C0234363
965,C0154706,C0234544
1262,C0154706,C0085620
1828,C0154706,C0231668
659,C0154723,C0018681
1829,C0154728,C0025287
966,C0154731,C0030193
90,C0154739,C0344306
1830,C0154739,C0423713
660,C0154753,C0423709
1535,C0154830,C1319541
2131,C0154830,C1319542
2132,C0154836,C0423386
967,C0154840,C0149793
371,C0155006,C0563608
661,C0155006,C0233763
1536,C0155006,C0547030
1537,C0155006,C0424071
1831,C0155006,C0424072
372,C0155089,C0391860
662,C0155093,C0474344
1832,C0155104,C0271276
663,C0155170,C0577560
1263,C0155171,C1828308
1538,C0155171,C1828409
373,C0155186,C0560024
968,C0155186,C0278225
91,C0155358,C1562724
664,C0155358,C0235980
1833,C0155359,C0339205
1539,C0155402,C0576837
1540,C0155502,C0585542
969,C0155503,C0042571
2133,C0155503,C0234757
92,C0155527,C0577585
374,C0155527,C0577561
665,C0155527,C0522347
1541,C0155527,C0522348
93,C0155796,C0341961
1542,C0155796,C0585958
2134,C0155803,C0425665
375,C0155825,C0242429
1264,C0155872,C0235568
1543,C0155872,C0264345
970,C0155895,C0333240
1265,C0155919,C0333240
94,C0155936,C0239739
95,C0155959,C0577565
1266,C0155965,C2939427
376,C0156084,C0426576
971,C0156098,C0267633
1544,C0156173,C0473131
2135,C0156297,C0392071
666,C0156325,C0425791
1267,C0156325,C0567494
1268,C0156325,C0233390
1545,C0156325,C0567493
1834,C0156325,C0233389
377,C0156344,C0030193
1546,C0156345,C0030193
96,C0156346,C0030193
1269,C0156347,C0030193
667,C0156348,C0030193
1835,C0156383,C0278053
2136,C0156407,C0232968
972,C0156678,C0036572
668,C0156697,C0042963
973,C0157669,C0558161
1547,C0157729,C0263634
669,C0157731,C0423813
670,C0157731,C1277673
974,C0157731,C0221261
975,C0157731,C0263538
976,C0157731,C0574925
1270,C0157731,C0423818
1548,C0157731,C0263531
1549,C0157731,C0277952
1550,C0157731,C0423812
1836,C0157731,C0038605
1837,C0157731,C0263534
1838,C0157731,C0263540
1839,C0157731,C0423823
671,C0157735,C0686766
977,C0157735,C0686765
978,C0158053,C0231753
97,C0158225,C0574992
98,C0158227,C0576137
1271,C0158228,C0575000
1840,C0158231,C0231654
1841,C0158231,C0574987
1842,C0158232,C0574988
1551,C0158233,C0574989
672,C0158234,C0574993
1843,C0158281,C0231612
99,C0158292,C0423686
979,C0158292,C0458232
980,C0158292,C0574994
1844,C0158292,C0575018
2137,C0158292,C0175848
981,C0158296,C0009193
100,C0158298,C0575012
1552,C0158298,C0423683
1553,C0158319,C0025587
673,C0158326,C0575045
982,C0158326,C0575047
2138,C0158326,C0575048
983,C0158334,C0577572
674,C0158352,C0037771
675,C0158352,C0427202
1272,C0158352,C0427201
1273,C0158352,C0586738
1554,C0158352,C0278118
1845,C0158352,C0231438
1846,C0158352,C0231440
1847,C0158352,C0577655
2139,C0158352,C0427055
2140,C0158352,C0575058
378,C0158370,C0587047
676,C0158370,C0577573
677,C0158370,C0343211
2141,C0158940,C0231835
1555,C0158976,C1262535
678,C0159020,C0036572
379,C0159027,C0233193
2142,C0159027,C0521651
2143,C0159027,C1301340
101,C0162281,C0339249
2144,C0162281,C0339250
2145,C0162281,C0339251
984,C0162292,C0029089
380,C0162296,C0003862
679,C0162429,C0392513
1848,C0162429,C0038187
680,C0162627,C0406146
1556,C0162672,C0036572
1274,C0162809,C0003126
985,C0162819,C0016382
986,C0162819,C0406548
987,C0162835,C0262977
102,C0178298,C0559537
381,C0178298,C0555957
988,C0178298,C0686768
1275,C0178298,C1442877
1557,C0178298,C1274926
1849,C0178298,C0277941
989,C0178829,C0033777
2146,C0205930,C0030193
1850,C0206042,C0917801
103,C0206064,C0008031
1851,C0206064,C0029537
990,C0206586,C0456800
104,C0220669,C0036572
991,C0221005,C0019209
1558,C0221048,C0333252
1852,C0221058,C0029089
2147,C0221058,C0018681
1853,C0221061,C0007758
382,C0221152,C0009806
992,C0221207,C0406404
993,C0221207,C0406405
105,C0221237,C1534991
681,C0221243,C0041834
106,C0221260,C0263534
1559,C0221260,C0221261
1854,C0221260,C0263531
1560,C0221370,C0156324
383,C0221385,C0333422
1855,C0231586,C0086437
1561,C0231644,C0008031
1562,C0231644,C0151825
994,C0231657,C0158206
1276,C0231767,C0231529
1856,C0231767,C0023222
1563,C0231926,C1260922
682,C0232065,C0003580
107,C0232266,C0375546
2148,C0232705,C2921132
1277,C0232710,C0011991
683,C0232711,C0011991
2149,C0232826,C0159064
1278,C0233213,C0233179
684,C0233444,C0392674
384,C0233501,C0233509
1857,C0233949,C0159043
385,C0234136,C0159036
108,C0234138,C0375218
2150,C0234139,C0746674
995,C0234142,C0159036
109,C0234143,C0159036
110,C0234170,C0034933
2151,C0234221,C0030554
2152,C0234240,C0018681
386,C0234247,C0030193
2153,C0234247,C0027796
996,C0234249,C0030193
111,C0234365,C0427086
1564,C0234365,C0004158
387,C0234434,C0039070
1858,C0234435,C0010200
112,C0234497,C0478145
1859,C0234507,C0029625
113,C0234517,C2712367
388,C0234527,C0478145
389,C0234533,C0036572
685,C0234533,C0494475
1565,C0234533,C0490011
390,C0234534,C0490011
1860,C0234534,C0036572
2154,C0234535,C0490011
1279,C0234536,C0490011
686,C0234538,C0036572
2155,C0234538,C0490011
391,C0234539,C0036572
687,C0234541,C0036572
2156,C0234541,C0490011
688,C0234545,C0036572
392,C0234549,C0490011
2157,C0234549,C0036572
393,C0234753,C0042571
114,C0234755,C0042571
115,C0234755,C0476206
1566,C0234756,C0042571
997,C0234906,C0041834
2158,C0234906,C0302310
116,C0234974,C0036572
1567,C0234974,C0490011
1861,C0234974,C0751495
1568,C0234978,C0036572
998,C0235238,C0339693
1280,C0235522,C0221226
1862,C0235560,C0019079
1569,C0235840,C0011991
1863,C0236036,C0041834
2159,C0236048,C0577566
1864,C0236103,C0234943
1281,C0238111,C0036572
2160,C0238185,C0333252
2161,C0238232,C0577562
394,C0238738,C0037763
117,C0238902,C0030193
1282,C0238902,C0018681
1283,C0240225,C0577566
118,C0241075,C0159040
1284,C0241880,C0030193
999,C0242078,C0577560
1865,C0242225,C0547030
689,C0242354,C0406569
119,C0242420,C0271052
1570,C0242420,C0271050
690,C0260662,C0521788
395,C0262979,C0007942
1285,C0262995,C0391860
120,C0263014,C0158297
1286,C0263015,C0158297
1000,C0263112,C1301340
2162,C0263152,C1301340
1866,C0263191,C1301340
1867,C0263213,C0085641
396,C0263216,C0085641
691,C0263217,C0085641
2163,C0263318,C0041834
121,C0263319,C0041834
1001,C0263320,C0041834
2164,C0263322,C0041834
122,C0263323,C0041834
1868,C0263336,C0406411
2165,C0263342,C0332573
1287,C0263351,C0157725
2166,C0263351,C0033774
1002,C0263352,C0033774
397,C0263353,C0033774
123,C0263357,C0041834
1288,C0263358,C0302310
1571,C0263358,C0041834
1869,C0263359,C0041834
692,C0263360,C0041834
693,C0263398,C0041834
1289,C0263426,C0041834
124,C0263427,C0041834
2167,C0263471,C0041834
1572,C0263577,C0041834
125,C0263589,C0013196
1573,C0263599,C0013196
398,C0263630,C0263634
1003,C0263654,C0030193
1870,C0263655,C0030193
1574,C0263656,C0476228
1004,C0263657,C0476228
1005,C0263658,C0476228
1006,C0263660,C0343211
694,C0263835,C0311222
695,C0263843,C1578453
126,C0263866,C0036396
1007,C0263866,C0030193
1575,C0263885,C0040485
696,C0263888,C0423714
1576,C0263888,C0423713
1871,C0263893,C0158297
1290,C0263894,C0030193
1577,C0263894,C0036396
127,C0263964,C0577572
1291,C0263978,C0522034
1578,C0264003,C0030193
1579,C0264004,C0030193
697,C0264130,C0030193
2168,C0264201,C0458087
1580,C0264280,C0472514
2169,C0264291,C0577562
2170,C0264291,C0577566
1008,C0264305,C0018991
1581,C0264309,C0264599
1872,C0264477,C0391860
1873,C0264584,C0577572
128,C0264589,C0264588
1582,C0264594,C0264609
1292,C0264597,C0264588
698,C0264600,C0264602
699,C0264600,C2712366
1583,C0264600,C0264609
1874,C0264600,C0264601
399,C0264603,C0264602
1009,C0264603,C0264601
1584,C0264604,C2712366
700,C0264608,C0027066
400,C0264611,C0478145
1293,C0264611,C0003564
401,C0264612,C2712367
701,C0264613,C2712366
1010,C0264619,C2712366
1011,C0264620,C2712366
1585,C0264621,C2712366
402,C0264622,C2712366
1875,C0264624,C0577562
1012,C0264625,C0577562
1586,C0264632,C2712366
1587,C0264634,C2712366
702,C0264675,C0030193
1294,C0264675,C0002962
1295,C0264675,C0348588
1296,C0264676,C0348588
1876,C0264676,C0002962
2171,C0264676,C0030193
403,C0264677,C0348588
1297,C0264677,C0030193
2172,C0264677,C0002962
129,C0264678,C0030193
404,C0264678,C0348588
1877,C0264678,C0002962
1013,C0264679,C0030193
1298,C0264679,C0002962
405,C0264680,C0030193
1299,C0264680,C0002962
1588,C0264680,C0348588
130,C0264681,C0030193
1878,C0264681,C0002962
1879,C0264681,C0348588
1014,C0264693,C0030193
1880,C0264886,C0232199
406,C0265808,C0521800
1589,C0265808,C0010520
1881,C0265894,C0587047
131,C0266000,C0221261
1300,C0266102,C0577566
2173,C0266104,C0577565
1882,C0266105,C0577566
2174,C0266835,C0375556
407,C0266837,C0232488
1301,C0266919,C0577565
408,C0266998,C0030214
703,C0266998,C0399591
1883,C0266998,C0236065
1015,C0267005,C0577566
704,C0267032,C0577565
2175,C0267167,C0426633
1016,C0267172,C0042963
1884,C0267172,C0152165
705,C0267173,C0270274
706,C0267173,C0042963
132,C0267204,C0589525
1302,C0267204,C0027498
1885,C0267204,C0042963
2176,C0267206,C0577566
1303,C0267397,C0030193
133,C0267436,C0011991
134,C0267437,C0011991
409,C0267438,C0011991
1304,C0267492,C0577566
410,C0267509,C0009806
707,C0267509,C0401149
135,C0267510,C0009806
1017,C0267511,C0009806
136,C0267515,C0002758
1018,C0267515,C0238637
411,C0267517,C0426649
1886,C0267518,C0426649
412,C0267525,C0520905
708,C0267525,C0156171
1305,C0267525,C0042963
2177,C0267545,C0016205
137,C0267556,C0011991
2178,C0267556,C0473131
1590,C0267557,C0011991
1887,C0267558,C0011991
709,C0267602,C0159061
1019,C0267613,C0267633
2179,C0267645,C0391860
2180,C0267656,C0011991
2181,C0267658,C0011991
710,C0267659,C0011991
711,C0267660,C0011991
2182,C0267661,C0011991
1306,C0267662,C0011991
2183,C0267663,C0011991
1020,C0267771,C0375556
1021,C0267786,C0577573
1888,C0267834,C0577566
1307,C0267868,C2585575
1022,C0267977,C0038187
413,C0268005,C0520966
414,C0268029,C0020440
415,C0268029,C0085383
416,C0268040,C0038187
417,C0268055,C0020440
1889,C0268226,C0027066
1591,C0268305,C1262535
1890,C0268316,C0476232
138,C0268317,C0476232
712,C0268318,C0033776
1891,C0268344,C0235980
2184,C0268813,C0032617
139,C0268877,C0577568
418,C0268919,C0406671
2185,C0268919,C0451941
1023,C0268979,C0232982
140,C0268982,C0232983
713,C0269099,C0041889
1308,C0269099,C0030193
1592,C0269100,C0030193
1024,C0269102,C0030193
1025,C0269103,C0030193
1892,C0269104,C0030193
714,C0269106,C0030193
1309,C0269107,C0030193
1893,C0269108,C0030193
419,C0269109,C0030193
141,C0269110,C0030193
715,C0269111,C0030193
2186,C0269112,C0030193
142,C0269113,C0030193
2187,C0269114,C0030193
420,C0269115,C0030193
1593,C0269116,C0030193
1594,C0269117,C0030193
1595,C0269118,C0030193
1026,C0269119,C0030193
421,C0269120,C1301340
1027,C0269120,C0030193
1028,C0269150,C0520589
1894,C0269173,C2919424
143,C0269178,C2919424
1895,C0269188,C0577570
1896,C0269220,C0240715
2188,C0269220,C0577570
2189,C0269268,C0156324
1310,C0269315,C0028961
422,C0269660,C0036572
423,C0269662,C0042963
1311,C0269662,C0020450
144,C0269663,C0042963
2190,C0269663,C0020450
424,C0269664,C0020450
1312,C0269664,C0042963
2191,C0269665,C0042963
425,C0269839,C0233138
716,C0269977,C0405326
1313,C0270148,C0010520
1314,C0270148,C0235777
717,C0270149,C0476273
1029,C0270206,C1565887
1315,C0270210,C1565887
2192,C0270218,C1565887
1897,C0270328,C0014394
1316,C0270615,C0695252
1596,C0270705,C0029625
1030,C0270708,C0478145
426,C0270736,C0234378
427,C0270736,C1961111
2193,C0270737,C0027066
1317,C0270743,C0004158
1597,C0270750,C0007758
1031,C0270756,C0007758
1898,C0270757,C0004158
1318,C0270758,C0004158
1598,C0270759,C0004158
1599,C0270788,C0221166
145,C0270793,C0375214
2194,C0270793,C0018991
1319,C0270794,C0521671
1600,C0270794,C0375214
1601,C0270805,C0018991
1899,C0270813,C0026838
1320,C0270814,C0264588
146,C0270819,C0036572
1900,C0270819,C0751495
1032,C0270820,C0036572
1602,C0270820,C0490011
1901,C0270820,C0751495
1603,C0270821,C0036572
1321,C0270822,C0751495
2195,C0270822,C0036572
1033,C0270823,C0036572
1604,C0270824,C0036572
1034,C0270825,C0036572
1902,C0270825,C0751495
2196,C0270826,C0036572
147,C0270830,C0490011
1903,C0270830,C0036572
428,C0270831,C0490011
429,C0270831,C0036572
1322,C0270837,C0036572
430,C0270838,C0494475
1323,C0270838,C0490011
718,C0270846,C0036572
1904,C0270846,C0490011
1324,C0270847,C0036572
1605,C0270847,C0751495
148,C0270849,C0751495
1035,C0270849,C0036572
431,C0270850,C0036572
1036,C0270851,C0036572
1325,C0270853,C0036572
1905,C0270854,C0036572
149,C0270855,C0027066
719,C0270857,C0036572
1037,C0270858,C0423649
1326,C0270859,C0018681
720,C0270860,C0018681
1906,C0270860,C0042571
2197,C0270861,C0018681
1038,C0270862,C0018681
150,C0270871,C0684219
1327,C0270883,C0018991
151,C0270953,C0037763
1328,C0270971,C0159036
721,C0270977,C0027066
1907,C0270997,C0235267
432,C0271060,C0577560
152,C0271184,C0155001
1908,C0271187,C0271190
2198,C0271216,C0271234
2199,C0271240,C0729341
1606,C0271291,C0278134
153,C0271317,C0542354
154,C0271388,C0585540
1607,C0271405,C0271404
1329,C0271417,C0391860
722,C0271487,C0522364
1039,C0271487,C0042571
1608,C0271487,C0521815
2200,C0271487,C0395923
155,C0271490,C0391860
723,C0271508,C0152228
724,C0271509,C0152228
1330,C0271510,C0034880
1909,C0271518,C0159036
2201,C0271609,C0042755
156,C0271787,C0333252
2202,C0272021,C0038187
433,C0272088,C0521800
1331,C0272088,C0010520
1332,C0272104,C0010520
1040,C0272267,C0041834
2203,C0272268,C0041834
157,C0272269,C0041834
1333,C0272391,C0577566
2204,C0272391,C0577562
1910,C0272407,C0577564
434,C0274440,C0406411
725,C0275526,C0014034
1609,C0275746,C0332573
1911,C0275747,C0041834
1041,C0275753,C0262977
1334,C0275852,C0333422
1335,C0275983,C0011991
1610,C0276013,C0333422
1336,C0276014,C0333422
1611,C0276015,C0333422
1612,C0276022,C0577572
435,C0276467,C0011991
1337,C0276468,C0011991
1613,C0276478,C0011991
1338,C0276572,C0013404
726,C0276573,C1720342
1042,C0276577,C1719857
158,C0276584,C1720231
2205,C0276672,C0041834
1339,C0276726,C0007940
1043,C0277509,C0030193
159,C0277526,C0011991
1044,C0277527,C0011991
160,C0277528,C0011991
161,C0278085,C2712367
1614,C0278110,C0018991
1912,C0278110,C0375218
2206,C0278110,C0375214
162,C0278111,C0375218
1615,C0278112,C0018991
727,C0278113,C0018991
1340,C0278116,C0375214
436,C0278117,C0375214
1341,C0278122,C0278125
1616,C0278135,C0840927
728,C0278162,C0520966
1617,C0278162,C0004134
2207,C0278179,C0840927
437,C0278186,C0036572
1045,C0278187,C0036572
729,C0278188,C0036572
1618,C0278188,C0751495
2208,C0278188,C0490011
730,C0278189,C0036572
1913,C0278189,C0490011
163,C0278192,C0490011
1619,C0278192,C0036572
2209,C0278192,C0751495
438,C0278193,C0490011
1046,C0278193,C0036572
164,C0278195,C0490011
1914,C0278195,C0036572
1342,C0278196,C0036572
1915,C0278196,C0490011
1916,C0278197,C0490011
2210,C0278197,C0036572
1047,C0278198,C0036572
165,C0278199,C0751495
166,C0278199,C0036572
439,C0278199,C0490011
1048,C0278201,C0036572
1343,C0278201,C0490011
167,C0278202,C0490011
440,C0278202,C0751495
731,C0278202,C0036572
732,C0278203,C0490011
1049,C0278203,C0751495
1917,C0278203,C0036572
1344,C0278212,C0042818
1345,C0278213,C0042818
1346,C0281913,C0577595
2211,C0281913,C0158369
733,C0282309,C0406218
2212,C0282492,C0030232
1620,C0301918,C1304408
1918,C0301918,C0406411
1347,C0302369,C1562677
2213,C0311262,C1280008
1050,C0311267,C0011991
168,C0311268,C0011991
734,C0311312,C0030193
441,C0311334,C0270844
1051,C0311334,C0490011
1621,C0311334,C0036572
1622,C0311335,C0036572
735,C0333997,C0406218
2214,C0338443,C0007758
442,C0338458,C2712367
1052,C0338465,C0040485
443,C0338478,C0036572
1623,C0338479,C0036572
736,C0338480,C0018681
444,C0338481,C0018681
1919,C0338483,C0018681
1920,C0338484,C0018681
169,C0338485,C0018681
1053,C0338486,C0018681
1921,C0338489,C0018681
1624,C0338490,C0018681
1054,C0338497,C1561817
445,C0338534,C0029089
1348,C0338536,C0030193
737,C0338553,C0030193
1922,C0338933,C0232857
1349,C0339230,C0391860
1055,C0339471,C1319543
1350,C0339471,C1319544
170,C0339473,C1319539
171,C0339473,C1319540
1625,C0339655,C0155347
2215,C0339663,C0034933
446,C0339741,C0271234
447,C0339743,C0271234
738,C0339823,C0577562
1923,C0339842,C0577562
739,C0340021,C0030193
1626,C0340099,C0333240
1351,C0340102,C0333240
448,C0340103,C0333240
172,C0340105,C0333240
1924,C0340164,C0577564
2216,C0340164,C0587047
173,C0340241,C0577562
740,C0340288,C0348588
1627,C0340288,C0002962
1628,C0340288,C0030193
741,C0340289,C0030193
1056,C0340289,C0002962
1057,C0340289,C0348588
742,C0340548,C0577563
1925,C0340548,C0577562
449,C0340849,C0039070
1926,C0340850,C0039070
1058,C0340851,C0039070
1629,C0340852,C0039070
174,C0340854,C0039070
450,C0340854,C0235242
175,C0340856,C0039070
743,C0340857,C0039070
451,C0341017,C0333422
1630,C0341021,C0041834
2217,C0341089,C0232476
176,C0341225,C0577566
2218,C0341286,C0149696
1631,C0341353,C0577566
452,C0341420,C0009806
1927,C0341850,C0577570
1352,C0341858,C0030193
453,C0341957,C0036572
2219,C0342100,C0567522
1928,C0342517,C0042755
744,C0342961,C0006625
1632,C0342962,C0006625
177,C0342965,C0242706
2220,C0342965,C0020440
2221,C0342965,C0085383
454,C0343042,C0332573
1059,C0343042,C0221201
178,C0343065,C0406399
179,C0343065,C0406408
2222,C0343065,C0406403
1060,C0343200,C0030193
1353,C0343214,C0030193
180,C0343228,C0587050
1354,C0343265,C0030193
745,C0343266,C0030193
2223,C0343267,C0030193
1633,C0343467,C0041834
1061,C0343678,C0221201
1634,C0343681,C0085641
1929,C0343686,C0333422
455,C0343729,C0577566
456,C0343730,C0577294
181,C0343741,C0240007
746,C0343755,C0006625
182,C0343836,C0262977
747,C0343950,C0577573
2224,C0343970,C0577566
183,C0344248,C0155344
1355,C0345141,C0577563
1930,C0347630,C0577566
1635,C0347868,C1571858
748,C0347873,C0036572
1931,C0347874,C0036572
184,C0347894,C0231623
185,C0347894,C0393916
186,C0347894,C0458960
457,C0347894,C0423717
458,C0347894,C0458171
749,C0347894,C0458959
1062,C0347894,C0278147
1063,C0347894,C0423708
1356,C0347894,C0027796
1636,C0347894,C0234248
1637,C0347894,C0423710
2225,C0347894,C0458221
750,C0347895,C0027796
751,C0347942,C2921132
1638,C0347949,C0155001
459,C0348626,C0232119
1064,C0348626,C0235477
1639,C0348626,C0232130
752,C0348727,C0232520
2226,C0348727,C0221727
2227,C0348742,C0426769
460,C0348751,C0522067
1640,C0348751,C1262535
2228,C0349255,C0917801
1932,C0349493,C1301340
1933,C0349698,C0159057
2229,C0349716,C0030193
1641,C0376288,C0149793
187,C0376356,C0232959
188,C0376356,C0232960
2230,C0376356,C0578674
1357,C0392060,C0030193
2231,C0392060,C0029089
1934,C0392156,C0159036
753,C0392439,C0085641
1935,C0392550,C0018991
1642,C0392571,C0271234
189,C0392702,C0234375
190,C0392702,C0578675
191,C0392702,C2919320
461,C0392702,C0234369
462,C0392702,C0239779
463,C0392702,C0037763
464,C0392702,C0040822
754,C0392702,C0004158
755,C0392702,C0026838
756,C0392702,C0277820
757,C0392702,C0520822
1065,C0392702,C0234378
1066,C0392702,C0576705
1358,C0392702,C0231530
1359,C0392702,C0234373
1360,C0392702,C0343494
1361,C0392702,C2315430
1362,C0392702,C0015644
1643,C0392702,C0234362
1644,C0392702,C0234370
1936,C0392702,C0009024
1937,C0392702,C0234371
1938,C0392702,C0234374
2232,C0392702,C0151818
2233,C0392702,C0231514
2234,C0392702,C0234372
2235,C0392702,C0234377
2236,C0392702,C0234379
2237,C0392702,C0427086
2238,C0392702,C0520821
2239,C0392702,C0751564
2240,C0392702,C1827253
2241,C0392702,C0476217
1363,C0393484,C0036572
2242,C0393519,C0007758
1067,C0393524,C0007758
758,C0393572,C0234363
2243,C0393587,C0393588
192,C0393593,C0013421
465,C0393593,C0393610
1068,C0393593,C0393588
193,C0393602,C0152116
466,C0393604,C0005747
2244,C0393612,C1961111
467,C0393613,C1961111
2245,C0393614,C1961111
1645,C0393615,C1961111
468,C0393618,C0027066
1069,C0393619,C0027066
2246,C0393620,C0027066
1364,C0393623,C0027066
1646,C0393624,C0027066
469,C0393625,C0027066
1070,C0393626,C0027066
1365,C0393640,C0221540
1647,C0393669,C0036572
1648,C0393671,C0036572
1939,C0393672,C0036572
1940,C0393673,C0036572
1941,C0393674,C0036572
194,C0393675,C0036572
1071,C0393676,C0036572
1942,C0393677,C0036572
470,C0393678,C0036572
1649,C0393679,C0036572
471,C0393680,C0036572
195,C0393681,C0036572
2247,C0393682,C0036572
759,C0393683,C0036572
196,C0393684,C0036572
1366,C0393687,C0036572
472,C0393688,C0036572
1072,C0393689,C0036572
760,C0393690,C0036572
197,C0393691,C0036572
198,C0393692,C0036572
473,C0393693,C0036572
1943,C0393695,C0036572
199,C0393697,C0036572
1367,C0393698,C0036572
474,C0393699,C0036572
1073,C0393700,C0036572
200,C0393701,C0036572
1368,C0393702,C0036572
761,C0393703,C0036572
1074,C0393706,C0036572
1944,C0393713,C0036572
201,C0393714,C0036572
2248,C0393715,C0036572
1075,C0393717,C0036572
202,C0393718,C0036572
762,C0393719,C0036572
203,C0393720,C0751495
475,C0393720,C0036572
204,C0393722,C0036572
1945,C0393723,C0036572
1946,C0393724,C0036572
763,C0393725,C0036572
476,C0393726,C0036572
1369,C0393727,C0036572
1076,C0393728,C0036572
2249,C0393729,C0036572
1650,C0393731,C0036572
1947,C0393732,C0036572
205,C0393733,C0036572
1651,C0393733,C0751495
2250,C0393733,C0490011
764,C0393734,C0751495
1077,C0393734,C0036572
765,C0393735,C0018681
1370,C0393735,C0341865
1652,C0393735,C0751191
1948,C0393736,C0018681
1653,C0393737,C0018681
1371,C0393738,C0018681
766,C0393739,C0018681
1078,C0393741,C0018681
2251,C0393742,C0018681
477,C0393743,C0018681
1079,C0393744,C0018681
206,C0393745,C0018681
478,C0393746,C0751188
2252,C0393746,C0018681
767,C0393751,C0018681
768,C0393755,C0018681
1654,C0393758,C0917801
2253,C0393762,C0917799
769,C0393771,C1561817
1080,C0393771,C0476209
1372,C0393774,C0424284
770,C0393776,C0233973
2254,C0393776,C0030193
1655,C0393786,C0030193
1373,C0393787,C0030193
771,C0393788,C0030193
207,C0393829,C0030193
2255,C0393833,C0030193
772,C0393901,C0393903
1949,C0393901,C0423721
1374,C0393960,C0375214
1656,C0394004,C0004134
1657,C0394006,C0476206
773,C0394013,C2712367
1950,C0395865,C0271412
774,C0395876,C0271412
2256,C0395920,C0042571
2257,C0395921,C0042571
479,C0395932,C0476206
480,C0395932,C0042571
2258,C0396005,C0037763
1658,C0398350,C0333240
775,C0399418,C0399411
1659,C0399493,C0332573
208,C0400875,C0011991
1951,C0400964,C0476232
481,C0401144,C0728950
1952,C0401144,C0042963
1375,C0401146,C1536397
2259,C0401146,C0009806
1376,C0403608,C0458090
1660,C0403660,C0014394
2260,C0403661,C0014394
209,C0403721,C0476293
1081,C0404545,C0030193
482,C0404559,C0341866
776,C0404559,C0236075
1082,C0404559,C0341865
1083,C0404559,C0404561
1084,C0405072,C0405064
483,C0405079,C0042963
1661,C0405080,C0020450
1953,C0405080,C0042963
1954,C0405081,C0042963
1085,C0405082,C0042963
1377,C0405322,C0085688
777,C0405479,C0149741
778,C0406044,C0033774
779,C0406047,C0152030
2261,C0406138,C0041834
780,C0406139,C0041834
1955,C0406238,C0033774
1086,C0406298,C0033774
1662,C0406299,C0033774
2262,C0406300,C0033774
1663,C0406301,C0033774
2263,C0406329,C0085641
210,C0406330,C0085641
1956,C0406409,C0157725
2264,C0406409,C0033774
1087,C0406418,C0041834
484,C0406507,C0030232
211,C0406508,C0030232
1378,C0406509,C0030232
212,C0406531,C0041834
1957,C0406532,C0041834
213,C0406533,C0041834
214,C0406534,C0041834
485,C0406535,C0041834
215,C0406536,C0041834
486,C0406539,C0041834
1379,C0406541,C0041834
1380,C0406543,C0041834
216,C0406567,C0406569
1088,C0406598,C0041834
781,C0406616,C1301340
1381,C0406629,C0240941
217,C0406670,C0041889
487,C0406670,C0030193
782,C0406670,C0520588
1382,C0406670,C0241709
1958,C0406670,C1960183
2265,C0406688,C0521160
1959,C0406691,C0041834
488,C0406698,C0013196
218,C0406740,C0036572
1664,C0406778,C0030232
2266,C0406792,C0033774
1665,C0406844,C0030201
1960,C0406844,C0008035
783,C0406875,C0406881
489,C0409264,C0575020
1383,C0409264,C0574999
219,C0409273,C0574998
490,C0409781,C0424853
220,C0409782,C0424853
1961,C0409783,C0424853
221,C0410060,C0581326
1089,C0410157,C0030193
1962,C0410205,C0158297
2267,C0410238,C0178422
1666,C0410249,C0030193
784,C0411024,C0241902
491,C0411277,C0041834
1384,C0413299,C0392674
1385,C0413299,C0695252
1386,C0422846,C0036572
1667,C0422846,C0490011
1090,C0422853,C0490011
1963,C0422853,C0751495
1964,C0422853,C0036572
222,C0422855,C0042571
492,C0422855,C0522350
1387,C0422855,C0036572
223,C0422859,C0036572
493,C0422859,C0490011
785,C0423074,C0423075
1668,C0423086,C0522337
224,C0423682,C0024031
494,C0423690,C0003862
1965,C0423690,C1540714
1669,C0423692,C0159036
225,C0423704,C0423717
1388,C0423704,C0159036
786,C0423711,C0030193
787,C0423712,C0030193
495,C0423738,C0238637
1966,C0423738,C0034886
1670,C0424291,C0424359
1091,C0424734,C0041834
226,C0426636,C0159061
788,C0426784,C0040485
1389,C0426970,C0375223
496,C0427023,C0162298
1967,C0427105,C0159036
1092,C0427129,C0575081
1671,C0427164,C0701824
2268,C0427164,C0575081
1093,C0438414,C0036572
1968,C0438418,C0036572
1390,C0442874,C0027796
1672,C0451714,C0577566
497,C0451910,C0041834
1391,C0452138,C1719454
1969,C0452160,C0024031
1970,C0452200,C0087169
227,C0452201,C0087169
228,C0453877,C2712367
1392,C0453878,C2712367
1971,C0454533,C0454542
1673,C0454534,C2712367
229,C0454548,C0003564
230,C0454549,C0003564
498,C0454550,C0003564
231,C0454588,C0478145
1393,C0454589,C0520966
1674,C0454590,C0520966
232,C0454591,C0520966
1675,C0454609,C2712367
499,C0454615,C0520966
1094,C0454618,C2712367
1394,C0454619,C0520966
1095,C0454630,C2712367
500,C0454635,C2712367
501,C0455715,C0018991
502,C0456018,C1541982
233,C0456043,C0410921
234,C0456052,C0036572
1395,C0456071,C0456122
789,C0456750,C0042571
1972,C0457000,C0041834
1096,C0457014,C0700590
2269,C0457949,C0024031
235,C0458101,C0018681
236,C0458167,C0008031
503,C0458167,C0458166
1676,C0458219,C0030193
1677,C0458220,C0030193
1973,C0458224,C0036396
2270,C0458224,C0030193
2271,C0458225,C0000737
2272,C0458225,C0158194
504,C0459146,C0152116
1097,C0459146,C0005747
2273,C0459146,C0042256
790,C0459151,C0406671
1396,C0459151,C0451941
1678,C0459151,C0268988
237,C0459805,C0013196
2274,C0472348,C0036572
1679,C0472349,C0036572
1680,C0472350,C0036572
505,C0472351,C0036572
1681,C0472354,C0036572
506,C0472355,C0036572
238,C0473118,C1565887
239,C0473127,C0011991
1397,C0473132,C0011991
1682,C0473133,C0011991
1098,C0473491,C0240715
1099,C0473778,C0011991
1398,C0473807,C0019079
1399,C0474381,C0234706
2275,C0474442,C1282197
791,C0475521,C0036572
240,C0475522,C0751188
241,C0475522,C0018681
1974,C0475522,C0701795
242,C0476214,C0235031
792,C0476214,C0029625
1400,C0477758,C0577568
1683,C0477758,C0577591
2276,C0477961,C0456074
243,C0494559,C0395959
507,C0494559,C0395923
1684,C0494559,C0521788
244,C0519012,C0018991
1685,C0520530,C0041834
1100,C0520947,C0520966
793,C0520998,C0155001
1686,C0520998,C0029844
2277,C0521517,C0030193
2278,C0521664,C0018681
508,C0521665,C0018681
1101,C0521667,C0018681
1687,C0521673,C0278134
2279,C0521673,C0012766
1102,C0521675,C0012766
794,C0521801,C0010520
1975,C0522253,C0018681
2280,C0522254,C0018681
795,C0522255,C0578055
1688,C0522255,C0278147
796,C0543820,C0041834
1401,C0543820,C0030193
509,C0546212,C0157725
1402,C0546212,C0033774
2281,C0546351,C0333422
797,C0546393,C0332573
1976,C0546878,C0234131
2282,C0546878,C0037763
2283,C0549118,C0036572
798,C0549201,C0033774
1403,C0549201,C0157725
510,C0549567,C0233200
799,C0549567,C0005409
1689,C0549567,C0013196
1977,C0549567,C0339251
2284,C0549567,C1279511
800,C0553565,C1290643
1103,C0553565,C1290644
1104,C0553587,C0036572
245,C0553604,C0037763
511,C0553642,C0159036
801,C0553694,C0030214
802,C0553760,C0423707
1690,C0553760,C0423715
1978,C0553760,C0423708
2285,C0553760,C0423713
2286,C0553760,C0423714
1105,C0553977,C0240608
246,C0554309,C0159064
1404,C0554467,C0033774
1405,C0554467,C0157725
247,C0555970,C0264272
1979,C0559027,C0155066
1406,C0560922,C0041834
1691,C0563633,C0029844
1692,C0564774,C0030193
803,C0565576,C0231528
804,C0565822,C0271234
1980,C0565822,C0155047
805,C0565878,C0405064
1981,C0566748,C1301340
512,C0567085,C0423610
806,C0567085,C0000737
1106,C0567085,C0041889
248,C0574713,C0041834
1407,C0574714,C0041834
1693,C0574715,C0041834
2287,C0574913,C0240715
1694,C0575031,C0578055
1695,C0575031,C0158194
1982,C0575032,C0008031
2288,C0575032,C0677061
807,C0576533,C0034933
1107,C0577711,C0041834
1408,C0577725,C0159055
1409,C0578159,C0011991
1983,C0581287,C0041834
1108,C0581348,C0158206
1696,C0581395,C0343731
808,C0582505,C0577570
1109,C0585051,C0036396
1410,C0585051,C0030193
513,C0585052,C0030193
1110,C0585052,C0036396
2289,C0585541,C0585542
2290,C0585543,C1321324
1984,C0585561,C0027066
249,C0586323,C0036572
250,C0586323,C0490011
2291,C0595865,C0476232
251,C0595948,C0036572
2292,C0595948,C0490011
809,C0595956,C0041834
2293,C0686532,C0159065
810,C0686533,C0159065
1411,C0686558,C0577564
514,C0687754,C1565887
2294,C0699848,C0405584
515,C0700201,C0037317
811,C0700201,C0917801
2295,C0700201,C0917799
2296,C0700201,C0947785
2297,C0700438,C0018681
252,C0701163,C0042755
1697,C0702100,C0263634
1111,C0702143,C0155344
1698,C0729254,C0695252
516,C0729261,C0577566
517,C0729735,C0577572
1985,C0729771,C0242429
518,C0729793,C0156402
519,C0730120,C0577560
253,C0740441,C0011991
254,C0741026,C0030193
520,C0741026,C0348588
1699,C0741026,C0002962
812,C0741032,C0030193
1700,C0741032,C0348588
1986,C0741032,C0002962
521,C0743332,C0264588
813,C0743332,C0005747
255,C0743381,C0036572
1112,C0743381,C0490011
2298,C0744644,C0018681
814,C0745890,C0030193
1412,C0748355,C0476273
256,C0750949,C1540979
1113,C0750949,C0004604
1701,C0750992,C0159036
257,C0751019,C0149793
522,C0751120,C0036572
2299,C0751122,C0036572
1413,C0751185,C0018681
2300,C0751226,C0917799
1987,C0751362,C0917799
1114,C0751383,C0027066
1115,C0751406,C0030193
1414,C0751510,C0231835
815,C0751523,C0036572
816,C0751524,C0751495
1116,C0751524,C0036572
1415,C0751642,C0036572
523,C0751643,C0036572
258,C0751774,C0427086
259,C0751778,C0036572
1416,C0751778,C0027066
817,C0751783,C0036572
2301,C0751783,C0027066
1702,C0751785,C0036572
1988,C0751785,C0027066
1989,C0751931,C0231623
260,C0751946,C0027066
1703,C0752196,C0427086
1704,C0752289,C0037317
524,C0851578,C0476212
818,C0851578,C0393757
1117,C0851578,C0476211
2302,C0851578,C0037317
1118,C0852271,C0270274
261,C0863106,C0490011
1990,C0863106,C0036572
1119,C0870082,C0038605
525,C0877440,C0041834
1991,C0948268,C0029854
1417,C0948349,C0152029
1418,C1096063,C0036572
1120,C1112639,C0577561
1419,C1141936,C0010520
262,C1253936,C0311222
263,C1253936,C0152031
1992,C1253936,C0158157
1121,C1263748,C0391860
1420,C1265579,C0041834
264,C1268586,C0027796
2303,C1268586,C0030193
265,C1269791,C0344244
266,C1269791,C0521764
526,C1269791,C0155344
527,C1269791,C0521763
528,C1269791,C0585566
819,C1269791,C0344240
1421,C1269791,C0151205
1422,C1269791,C0349683
1993,C1269791,C0344246
1994,C1269791,C0349681
1995,C1269791,C1321325
1996,C1270923,C1571956
820,C1271073,C0155001
1997,C1271073,C0547030
529,C1272174,C0547030
1122,C1274149,C0577561
821,C1274284,C0030232
1998,C1274285,C0030232
1123,C1274293,C1304408
530,C1274299,C0476267
822,C1274332,C0577565
1999,C1274380,C0041834
531,C1274381,C0041834
2304,C1274382,C0041834
2000,C1274605,C0041834
1124,C1274606,C0041834
2001,C1274607,C0041834
2305,C1274608,C0041834
1125,C1274609,C0041834
823,C1274675,C0263538
1126,C1274675,C0149651
532,C1274681,C0221261
1423,C1274749,C0016382
824,C1274751,C0406548
825,C1274820,C0240715
2306,C1274820,C0577569
267,C1274856,C1304408
268,C1274903,C0033774
533,C1274903,C0157725
2002,C1274904,C0033774
2003,C1274932,C0406411
826,C1274933,C0041834
2004,C1274939,C0041834
1424,C1274940,C0016382
1425,C1274942,C0041834
827,C1274949,C0013196
1705,C1274960,C0041834
1426,C1274972,C0406548
534,C1274988,C1997818
2307,C1275040,C0033774
1706,C1275050,C0030193
269,C1275434,C0041834
2005,C1275454,C0239340
828,C1275455,C0156308
270,C1275460,C0033774
1127,C1275488,C0041834
829,C1275968,C0033774
1707,C1275974,C0577564
2006,C1276129,C0241165
1128,C1277259,C0391860
271,C1277276,C0004604
2007,C1277670,C0159040
830,C1278535,C0348588
1708,C1278535,C0030193
2008,C1278535,C0002962
1709,C1279983,C0041834
1129,C1281944,C0030193
1427,C1282196,C1282194
831,C1282232,C0391860
2308,C1282376,C0155347
1428,C1282765,C0013395
832,C1282895,C0578994
535,C1283803,C0003126
1429,C1285162,C0005409
2309,C1285333,C0007943
1130,C1285471,C0547030
536,C1285537,C0235777
272,C1290036,C0473563
833,C1290048,C0406401
1710,C1290072,C0264272
834,C1290121,C0577561
1430,C1290136,C0426785
273,C1290143,C0040485
835,C1290143,C0152116
836,C1290145,C0040485
2310,C1290145,C0426785
537,C1290379,C0221154
837,C1290611,C0401157
838,C1290613,C0401158
1131,C1290613,C0401157
1711,C1290613,C0027498
1712,C1290613,C0152165
1713,C1290613,C0520904
538,C1290785,C0030214
839,C1290795,C0472514
274,C1290807,C0011991
2009,C1290807,C0151791
2311,C1290807,C0473129
840,C1290841,C0393588
275,C1290846,C0155382
2010,C1290846,C0029089
276,C1290849,C0269671
841,C1290849,C0270261
842,C1290849,C0270777
1132,C1290849,C0151205
1133,C1290849,C0236065
1134,C1290849,C1290771
277,C1290857,C0456073
2011,C1290857,C0456074
2312,C1290857,C0151205
843,C1290864,C1301340
1431,C1290864,C0401020
1714,C1290864,C0000727
1715,C1290864,C0403568
2313,C1290864,C0403569
278,C1290865,C0423713
844,C1290865,C0238532
1432,C1290865,C0423714
279,C1290866,C0423714
1135,C1290866,C0423713
280,C1290876,C0423713
845,C1290876,C0423709
1716,C1290876,C0221166
539,C1290877,C0751460
1433,C1290878,C0423714
1717,C1290878,C0423707
2314,C1290878,C0423708
846,C1290880,C0240920
2315,C1290882,C0521663
1718,C1290884,C0007940
540,C1298685,C0281856
541,C1298760,C0029854
1719,C1298989,C0036572
847,C1299435,C0030193
1720,C1299435,C0002962
1136,C1299436,C0030193
2012,C1299436,C0002962
1137,C1299437,C0002962
1434,C1299437,C0030193
848,C1299438,C0002962
1435,C1299438,C0030193
281,C1299439,C0030193
542,C1299439,C0002962
1721,C1299439,C0348588
282,C1299440,C0348588
849,C1299440,C0002962
2316,C1299440,C0030193
283,C1299598,C0036572
1722,C1299608,C0476273
543,C1299926,C0333249
284,C1300028,C0409557
285,C1300028,C0521516
544,C1300028,C0406881
850,C1300028,C0027796
851,C1300028,C0267028
852,C1300028,C0423721
1138,C1300028,C0151828
1139,C1300028,C0393903
1140,C1300028,C0405495
1436,C1300028,C0017672
1437,C1300028,C1996961
1438,C1300028,C0030193
1723,C1300028,C0274369
1724,C1300028,C0403568
1725,C1300028,C0473234
2013,C1300028,C0403569
2014,C1300028,C0729341
2317,C1300028,C0002962
2318,C1300028,C0281856
853,C1301339,C0030193
545,C1301398,C1301340
854,C1301829,C0159036
855,C1302110,C0751188
856,C1302110,C0270697
1726,C1302110,C0701795
2319,C1302110,C0018681
286,C1302248,C0004604
287,C1302248,C0030193
2015,C1302248,C1540979
857,C1302539,C0577570
1727,C1302710,C1290771
858,C1302789,C0033775
546,C1302820,C0240941
859,C1302820,C0456073
2016,C1302820,C0456074
860,C1302834,C0268988
861,C1302834,C0451941
2017,C1302834,C0406671
1439,C1302854,C0473563
2018,C1304055,C0033774
547,C1304076,C0024031
1728,C1304204,C1304408
2320,C1304360,C0041834
862,C1304387,C0221261
1141,C1304407,C1304408
863,C1304410,C0406411
2321,C1304463,C0333240
288,C1304464,C0333240
2019,C1304478,C0236065
289,C1304483,C0156308
2322,C1304494,C0033774
2020,C1313946,C0041834
548,C1313963,C0011991
549,C1319848,C0424284
2021,C1321490,C0333240
864,C1321575,C0490011
1142,C1321575,C0036572
2323,C1331543,C1287517
290,C1393778,C0009806
1143,C1399352,C0018681
550,C1410262,C0036572
1729,C1412035,C0575090
551,C1443290,C0030193
865,C1443291,C0030193
866,C1446219,C0159036
1144,C1449721,C0085688
867,C1456822,C0023222
1730,C1504547,C0271276
1731,C1510417,C0478145
1440,C1527351,C0423721
1732,C1527351,C0423710
2022,C1527351,C0393903
2023,C1527353,C0030193
552,C1531394,C1565887
553,C1533040,C0577560
291,C1533847,C0521516
554,C1533847,C0005747
555,C1533847,C0026826
556,C1534238,C0020639
557,C1534255,C1283829
2024,C1534531,C0020530
2324,C1534561,C0027796
558,C1534916,C0039070
868,C1534916,C0424535
1145,C1534916,C0234428
292,C1534965,C0423006
869,C1535033,C0027424
1733,C1535033,C0264274
870,C1535054,C0264345
293,C1535080,C0025587
2325,C1535339,C0575010
871,C1535388,C0312416
1441,C1535418,C0017672
2326,C1535418,C0241426
559,C1535555,C0009193
872,C1536114,C0030193
1734,C1536114,C0423720
2327,C1536458,C0221232
2025,C1537218,C0341961
1146,C1540374,C0149696
1735,C1540606,C0149793
560,C1540625,C0343731
1736,C1540722,C0917801
1147,C1541811,C1283829
2026,C1542018,C0027066
294,C1542574,C1565887
1148,C1546197,C0259813
561,C1561855,C0917799
873,C1561862,C1313952
1149,C1561892,C0037317
874,C1563308,C1442877
875,C1563321,C0399459
562,C1565172,C0018681
2027,C1571826,C0042755
2328,C1571827,C0266996
295,C1571952,C0005747
1737,C1571952,C0027066
2329,C1571952,C0152116
296,C1571959,C0234664
876,C1571960,C0007758
2028,C1571968,C0152029
563,C1576410,C0041834
564,C1578669,C0235267
2029,C1578669,C0423006
1738,C1578692,C0221232
877,C1578794,C1280008
2030,C1578956,C0221232
1150,C1579022,C0259813
1442,C1579723,C0027796
878,C1611178,C0012766
1739,C1621769,C0695252
565,C1628308,C0029844
1151,C1630648,C0149696
566,C1636157,C0339249
2031,C1642392,C0406218
567,C1642397,C0010200
1443,C1665347,C0007758
1740,C1690985,C0339249
297,C1691006,C0547030
568,C1704330,C0563234
1444,C1704330,C0040460
1152,C1704421,C1279511
2032,C1704421,C0013196
2033,C1704421,C0262977
569,C1719788,C0520966
570,C1719883,C0151726
571,C1720062,C0155004
1741,C1720062,C0233769
1742,C1720062,C0155001
572,C1720077,C0155004
2330,C1720077,C0233769
298,C1720149,C0030193
573,C1720149,C0027796
574,C1720189,C0520966
1153,C1720189,C0007758
879,C1720416,C0520966
1743,C1720571,C0339250
2331,C1735856,C0018681
1744,C1827052,C0018681
2332,C1827190,C0018681
575,C1827250,C0005747
1745,C1827284,C0036572
2034,C1827389,C0036572
880,C1827396,C0037763
2035,C1827396,C0036572
576,C1827624,C0018681
881,C1827629,C0018681
1445,C1827691,C0036572
2036,C1827878,C0036572
2037,C1827966,C0018681
577,C1827974,C0036572
882,C1827983,C0018681
578,C1828175,C0036572
2038,C1834570,C0027066
1446,C1868745,C0012766
1154,C1868889,C0009806
1746,C1959853,C0178422
579,C1959864,C0375229
299,C1959865,C0917799
2333,C1960052,C0020440
883,C1960172,C0577572
884,C1960271,C0018681
580,C1960276,C0011991
1447,C1960544,C0577568
1747,C1960676,C0027066
885,C1960709,C0018681
1748,C1960869,C0042571
2039,C1960870,C0018681
886,C1960877,C0027066
1155,C1961123,C0375226
887,C1971624,C0426579
2334,C1971624,C0426583
300,C1971759,C0020450
2040,C1971759,C0312416
2335,C1996989,C0011991
1749,C1997249,C0030193
888,C1997440,C0587242
889,C1997771,C0020440
2041,C1997918,C0159057
1448,C1998127,C2919424
301,C1998254,C0027066
581,C1998392,C0159057
1156,C2004401,C0343211
2336,C2004411,C0040460
1750,C2004435,C1280008
2337,C2004487,C0037763
1751,C2035047,C0036572
1157,C2158436,C0424853
890,C2239278,C1260880
891,C2242981,C0155004
2042,C2242981,C0233769
582,C2267233,C0026827
1752,C2267233,C0343239
1158,C2315264,C0009806
2043,C2315519,C0028961
1159,C2315536,C0838227
583,C2316074,C0587243
1449,C2316225,C0018681
584,C2316708,C0009806
2044,C2316756,C0751295
1753,C2349425,C0018681
1450,C2363129,C0036572
892,C2363423,C0343239
302,C2584703,C0333252
303,C2711086,C0007942
1754,C2711235,C0878706
304,C2711445,C0333228
2338,C2711653,C0036572
1451,C2711736,C0036572
1452,C2711743,C0027066
893,C2733582,C1282194
2339,C2919482,C0333243
2045,C2919600,C0232503
1755,C2919641,C0159064
585,C2919725,C0401020
586,C2919725,C0159065
587,C2919808,C0577561
2046,C2919808,C0577572
588,C2919930,C0476303
1160,C2937217,C0577562
1161,C2939435,C0232593
894,C2959492,C0558920
1162,C2959494,C0577561
895,C2959868,C0587050
305,C2960037,C0577569
1163,C2960037,C0240715
2047,C2960211,C0587047
1164,C2960290,C0240007
306,C2960306,C0577566
589,C2960451,C0577561
590,C2960589,C0577566
2048,C2960744,C0577561
1165,C2960769,C0577572
1756,C2980106,C0033774
1453,C2980107,C0033774
2049,C2981137,C0036572
896,C3164057,C0577563
1757,C3164623,C0577563
1166,C3245524,C0159043
2050,C3247203,C0041834
307,C3249881,C0264272
591,C3263719,C0577560
1454,C3266099,C0577294
897,C3266155,C0030193
2340,C3266155,C0000737
